feature,coefficient,abs_coefficient
controls__1. 您是否加入过二次元相关社群（QQ群、微信群、论坛等）:_3,-1.374930620335493,1.374930620335493
controls__1. 您是否加入过二次元相关社群（QQ群、微信群、论坛等）:_2,-1.348639898421629,1.348639898421629
controls__4. 您的职业:_5,1.2605328174640178,1.2605328174640178
controls__2. 近1年，您参与线下二次元活动（漫展、同人展会、Cosplay聚会等）的次数:_5,-1.210743378433828,1.210743378433828
controls__4. 您的职业:_6,1.1776284230019,1.1776284230019
controls__4. 您平均每周接触二次元内容的时间:_4,1.1055901727459128,1.1055901727459128
controls__2. 近1年，您参与线下二次元活动（漫展、同人展会、Cosplay聚会等）的次数:_3,1.0839191789668576,1.0839191789668576
controls__3. 您的教育程度:_5,0.9001206035372693,0.9001206035372693
controls__3. 您的教育程度:_2,-0.8925581800478648,0.8925581800478648
controls__5. 您所在的城市级别:_2,-0.8554673732670359,0.8554673732670359
controls__5. 您所在的城市级别:_5,0.8170433520508947,0.8170433520508947
controls__2. 近1年，您参与线下二次元活动（漫展、同人展会、Cosplay聚会等）的次数:_4,0.7966261179951303,0.7966261179951303
controls__2. 您的年龄:_5,-0.7828223630524888,0.7828223630524888
controls__4. 您的职业:_2,0.7593272855436183,0.7593272855436183
controls__1. 您的性别:_4,0.7054773645178309,0.7054773645178309
controls__2. 您的年龄:_2,0.6798902103977373,0.6798902103977373
controls__5. 您所在的城市级别:_4,0.6586431559205613,0.6586431559205613
controls__2. 您的年龄:_3,0.6436014780283705,0.6436014780283705
ip_type__pca3,0.6153137238611674,0.6153137238611674
problem__pca0,-0.6076834386132967,0.6076834386132967
controls__3. 您接触二次元内容的时长:_5,0.5485132682989772,0.5485132682989772
controls__4. 您的职业:_3,-0.5043037652045359,0.5043037652045359
access__pca2,0.4545634392297995,0.4545634392297995
ip_type__pca2,0.42921431748583144,0.42921431748583144
offline_motive__pca2,0.4226604188832411,0.4226604188832411
expect__pca3,0.4074794014076735,0.4074794014076735
content_type__pca2,-0.3956918559207647,0.3956918559207647
access__pca3,0.3538827944872936,0.3538827944872936
controls__1. 您的性别:_2,0.3537773344022977,0.3537773344022977
controls__3. 您的教育程度:_4,-0.35056629088780555,0.35056629088780555
controls__5. 您所在的城市级别:_3,0.34449538323318235,0.34449538323318235
controls__4. 您的职业:_4,0.3326583670732651,0.3326583670732651
controls__3. 您接触二次元内容的时长:_4,0.3134940592523491,0.3134940592523491
controls__4. 您平均每周接触二次元内容的时间:_3,0.3097777366514214,0.3097777366514214
controls__3. 您接触二次元内容的时长:_2,-0.2913500166850955,0.2913500166850955
problem__pca1,0.28915363059891,0.28915363059891
expect__pca2,0.24984538997838646,0.24984538997838646
ip_type__pca1,0.19998888409652815,0.19998888409652815
controls__4. 您平均每周接触二次元内容的时间:_5,0.16125188545403826,0.16125188545403826
content_type__pca0,-0.1478787064896017,0.1478787064896017
offline_motive__pca1,-0.14018906028212338,0.14018906028212338
access__pca1,-0.1241834391397685,0.1241834391397685
ip_type__pca0,-0.11895398213887846,0.11895398213887846
access__pca0,-0.10307657888411592,0.10307657888411592
offline_motive__pca0,-0.09644642156906362,0.09644642156906362
expect__pca0,0.0889259012141946,0.0889259012141946
content_type__pca1,0.07211403750988789,0.07211403750988789
controls__2. 近1年，您参与线下二次元活动（漫展、同人展会、Cosplay聚会等）的次数:_2,0.06953801359803062,0.06953801359803062
problem__pca3,0.0571903136728697,0.0571903136728697
controls__2. 您的年龄:_4,-0.05515613781017477,0.05515613781017477
problem__pca2,-0.04688277838254801,0.04688277838254801
controls__3. 您接触二次元内容的时长:_3,-0.04373959058482842,0.04373959058482842
expect__pca1,0.041750542687383305,0.041750542687383305
controls__3. 您的教育程度:_3,-0.03960627144722831,0.03960627144722831
controls__4. 您平均每周接触二次元内容的时间:_2,0.037862127594099994,0.037862127594099994
